DE	new castle
DE	sussex
DE	kent
CO	san juan
CO	san miguel
CO	larimer
CO	bent
CO	las animas
CO	prowers
CO	pitkin
CO	gilpin
CO	washington
CO	moffat
CO	lake
CO	logan
CO	denver
CO	otero
CO	jackson
CO	chaffee
CO	elbert
CO	crowley
CO	alamosa
CO	dolores
CO	huerfano
CO	kit carson
CO	phillips
CO	jefferson
CO	cheyenne
CO	grand
CO	el paso
CO	boulder
CO	eagle
CO	custer
CO	fremont
CO	gunnison
CO	park
CO	saguache
CO	kiowa
CO	adams
CO	archuleta
CO	costilla
CO	delta
CO	conejos
CO	arapahoe
CO	mesa
CO	ouray
CO	teller
CO	broomfield
CO	pueblo
CO	lincoln
CO	routt
CO	weld
CO	rio blanco
CO	montezuma
CO	montrose
CO	yuma
CO	garfield
CO	rio grande
CO	clear creek
CO	baca
CO	summit
CO	morgan
CO	hinsdale
CO	sedgwick
CO	la plata
CO	mineral
CO	douglas
WA	san juan
WA	pend oreille
WA	clark
WA	stevens
WA	lewis
WA	pacific
WA	garfield
WA	chelan
WA	mason
WA	asotin
WA	snohomish
WA	grant
WA	douglas
WA	kittitas
WA	jefferson
WA	whatcom
WA	wahkiakum
WA	cowlitz
WA	columbia
WA	grays harbor
WA	thurston
WA	yakima
WA	pierce
WA	okanogan
WA	kitsap
WA	skamania
WA	whitman
WA	king
WA	lincoln
WA	spokane
WA	adams
WA	walla walla
WA	island
WA	benton
WA	clallam
WA	franklin
WA	klickitat
WA	ferry
WA	skagit
OH	madison
OH	gallia
OH	logan
OH	marion
OH	harrison
OH	mercer
OH	warren
OH	mahoning
OH	lake
OH	wood
OH	putnam
OH	brown
OH	vinton
OH	champaign
OH	hamilton
OH	knox
OH	hardin
OH	adams
OH	scioto
OH	miami
OH	hancock
OH	licking
OH	greene
OH	vanwert
OH	perry
OH	jackson
OH	delaware
OH	wyandot
OH	geauga
OH	morgan
OH	lawrence
OH	defiance
OH	pike
OH	lorain
OH	union
OH	columbiana
OH	ashland
OH	highland
OH	holmes
OH	clinton
OH	clark
OH	washington
OH	muskingum
OH	meigs
OH	sandusky
OH	athens
OH	stark
OH	fairfield
OH	wayne
OH	butler
OH	crawford
OH	williams
OH	carroll
OH	tuscarawas
OH	fayette
OH	auglaize
OH	henry
OH	ross
OH	fulton
OH	seneca
OH	pickaway
OH	coshocton
OH	trumbull
OH	belmont
OH	allen
OH	erie
OH	darke
OH	monroe
OH	huron
OH	preble
OH	cuyahoga
OH	shelby
OH	portage
OH	paulding
OH	montgomery
OH	jefferson
OH	ashtabula
OH	hocking
OH	franklin
OH	noble
OH	medina
OH	richland
OH	lucas
OH	clermont
OH	ottawa
OH	morrow
OH	summit
OH	guernsey
NC	wake
MI	iosco
MI	kalamazoo
MI	st clair
MI	washtenaw
MI	clinton
MI	kalkaska
MI	antrim
MI	clare
MI	schoolcraft
MI	arenac
MI	chippewa
MI	genesee
MI	bay
MI	wexford
MI	shiawassee
MI	ontonagon
MI	marquette
MI	menominee
MI	oakland
MI	missaukee
MI	huron
MI	jackson
MI	alger
MI	midland
MI	gogebic
MI	ingham
MI	barry
MI	st joseph
MI	calhoun
MI	mason
MI	wayne
MI	monroe
MI	branch
MI	dickinson
MI	crawford
MI	lake
MI	kent
MI	oscoda
MI	charlevoix
MI	mecosta
MI	osceola
MI	tuscola
MI	baraga
MI	sanilac
MI	mackinac
MI	keweenaw
MI	manistee
MI	presque isle
MI	ogemaw
MI	alpena
MI	alcona
MI	lapeer
MI	grand traverse
MI	ionia
MI	oceana
MI	allegan
MI	emmet
MI	macomb
MI	lenawee
MI	isabella
MI	houghton
MI	saginaw
MI	berrien
MI	gratiot
MI	gladwin
MI	otsego
MI	cheboygan
MI	van buren
MI	hillsdale
MI	ottawa
MI	benzie
MI	roscommon
MI	luce
MI	delta
MI	livingston
MI	eaton
MI	iron
MI	cass
MI	leelanau
MI	newaygo
MI	muskegon
MI	montcalm
MI	montmorency
OK	muskogee
OK	alfalfa
OK	major
OK	love
OK	creek
OK	beckham
OK	pittsburg
OK	craig
OK	marshall
OK	mccurtain
OK	washington
OK	osage
OK	murray
OK	logan
OK	woods
OK	pushmataha
OK	blaine
OK	choctaw
OK	cleveland
OK	beaver
OK	caddo
OK	pottawatomie
OK	carter
OK	jackson
OK	stephens
OK	grant
OK	cherokee
OK	pontotoc
OK	delaware
OK	woodwar
OK	wagoner
OK	jefferson
OK	seminole
OK	okfuskee
OK	mayes
OK	cotton
OK	nowata
OK	texas
OK	grady
OK	noble
OK	leflore
OK	washita
OK	custer
OK	mcintosh
OK	latimer
OK	tillman
OK	cimarron
OK	sequoyah
OK	garvin
OK	kingfisher
OK	coal
OK	ellis
OK	kay
OK	atoka
OK	adair
OK	dewey
OK	payne
OK	hughes
OK	rogers
OK	roger mills
OK	greer
OK	comanche
OK	canadian
OK	garfield
OK	ottawa
OK	harper
OK	kiowa
OK	okmulgee
OK	mcclain
OK	lincoln
OK	harmon
OK	bryan
OK	haskell
OK	johnston
OK	pawnee
OK	tulsa
OK	oklahoma
FL	holmes
FL	charlotte
FL	madison
FL	taylor
FL	dixie
FL	washington
FL	leon
FL	lake
FL	marion
FL	santa rosa
FL	escambia
FL	collier
FL	bay
FL	polk
FL	monroe
FL	alachua
FL	okaloosa
FL	jackson
FL	gulf
FL	union
FL	volusia
FL	duval
FL	sumter
FL	calhoun
FL	liberty
FL	hillsborough
FL	citrus
FL	brevard
FL	wakulla
FL	seminole
FL	flagler
FL	glades
FL	desoto
FL	st. lucie
FL	putnam
FL	levy
FL	columbia
FL	lee
FL	sarasota
FL	okeechobee
FL	clay
FL	manatee
FL	orange
FL	st. johns
FL	palm beach
FL	miami-dade
FL	nassau
FL	broward
FL	jefferson
FL	suwannee
FL	indian river
FL	bradford
FL	pasco
FL	hendry
FL	highlands
FL	walton
FL	baker
FL	gadsden
FL	osceola
FL	gilchrist
FL	hernando
FL	lafayette
FL	franklin
FL	pinellas
FL	martin
FL	hamilton
FL	hardee
RI	providence
RI	newport
RI	bristol
RI	kent
RI	washington
CT	new london
CT	new haven
CT	middlesex
CT	litchfield
CT	fairfield
CT	tolland
CT	windham
CT	hartford
